sentiment,term,z_score,count_in_class
negative,not,10.250681431477041,3127
negative,hour,9.649652313255643,1090
negative,no,7.724513069025284,1311
negative,hold,7.328466378177413,673
negative,delay,6.715468914954598,811
negative,call,5.908790114683365,690
negative,bad,5.849834842234781,445
negative,cancel,5.816494333670837,810
negative,wait,5.643355917234531,655
negative,hr,4.956701194858499,281
negative,bag,4.902135918642739,655
negative,min,4.663359320829146,289
negative,flightled,4.5532531979542386,439
negative,lose,4.477974800494865,287
negative,minute,4.332228323266602,314
neutral,fleek,7.862914864499463,108
neutral,fleet,7.4131022503600414,103
neutral,dm,6.2143214323461295,129
neutral,dragon,6.066062541797121,68
neutral,hi,5.356658555581661,59
neutral,follow,5.07836500757592,91
neutral,rt,4.961225115674859,56
neutral,ceo,4.7565021357593045,37
neutral,please,4.605702677902028,181
neutral,emo_face_with_tears_of_joy,4.55353811455705,39
neutral,wall,4.249342417680112,26
neutral,destination,3.9655403877242326,64
neutral,tomorrow,3.8683639766213997,106
neutral,journal,3.778910292947223,16
neutral,street,3.777797134779383,19
positive,thank,17.7167785867519,460
positive,thanks,16.64158568725782,595
positive,great,12.340065996794959,240
positive,emo_folded_hands,10.293401669092637,118
positive,emo_smile,10.286975742708561,172
positive,awesome,8.536958476546431,97
positive,love,8.409042004526494,157
positive,best,6.693378048956286,104
positive,much,6.102264072094579,107
positive,appreciate,5.804202526209723,83
positive,amaze,5.670458740894082,48
positive,rock,5.54604221333218,42
positive,emo_thumbs_up,5.382003695163769,36
positive,amazing,5.191922650922428,33
positive,kudos,4.60276132942883,26
