model,class,precision,recall,f1,support
Naive Bayes,negative,0.8451388888888889,0.8928833455612619,0.8683553335711738,1363
Naive Bayes,neutral,0.6275510204081632,0.5347826086956522,0.5774647887323944,460
Naive Bayes,positive,0.7302052785923754,0.7114285714285714,0.7206946454413893,350
Logistic Regression,negative,0.8911128903122498,0.8165810711665444,0.8522205206738132,1363
Logistic Regression,neutral,0.5808823529411765,0.6869565217391305,0.6294820717131474,460
Logistic Regression,positive,0.7210526315789474,0.7828571428571428,0.7506849315068493,350
Linear SVM,negative,0.8589743589743589,0.8848129126925899,0.8717022045536682,1363
Linear SVM,neutral,0.6611374407582938,0.6065217391304348,0.6326530612244898,460
Linear SVM,positive,0.7521613832853026,0.7457142857142857,0.7489239598278336,350
Linear SVM (word+char),negative,0.8708513708513709,0.8855465884079237,0.878137504547108,1363
Linear SVM (word+char),neutral,0.6812933025404158,0.6413043478260869,0.6606942889137738,460
Linear SVM (word+char),positive,0.7542372881355932,0.7628571428571429,0.7585227272727273,350
Logistic Regression (Word2Vec),negative,0.872161480235492,0.7608217168011738,0.8126959247648903,1363
Logistic Regression (Word2Vec),neutral,0.4780405405405405,0.6152173913043478,0.5380228136882129,460
Logistic Regression (Word2Vec),positive,0.625,0.7,0.660377358490566,350
BiLSTM (RNN),negative,0.9148760330578513,0.8121790168745414,0.8604741546832492,1363
BiLSTM (RNN),neutral,0.5951972555746141,0.7543478260869565,0.6653883029721956,460
BiLSTM (RNN),positive,0.7289473684210527,0.7914285714285715,0.7589041095890411,350
