sentiment,feature,coefficient
negative,not,4.342511422511148
negative,hour,3.7497649623723213
negative,delay,2.995709311639336
negative,no,2.9041795297652158
negative,hold,2.6283489757609972
negative,bad,2.5536963740410377
negative,bag,2.5142969759788576
negative,lose,2.0770120912211945
negative,hr,1.9751128367714976
negative,customer,1.9668790780435308
negative,wait,1.8990166234786485
negative,call,1.8893280518718363
negative,luggage,1.8388604110020386
negative,cancel,1.7527877671024492
negative,nothing,1.728394466916977
neutral,hi,1.6910045420905455
neutral,question,1.2596519935132073
neutral,dm,1.188844259528659
neutral,would love,1.1526322162422655
neutral,carry,1.101207451655434
neutral,chance,1.0984440043424786
neutral,need,1.0584825030163203
neutral,follow,1.0506451893589304
neutral,possible,1.0426731077168292
neutral,delay cancel,0.9742207951338883
neutral,tomorrow,0.970910229973255
neutral,fleek,0.9442415934821414
neutral,policy,0.9438648704373245
neutral,dragon,0.93835987978819
neutral,use,0.9166541022089758
positive,thanks,4.8527863246956215
positive,thank,4.418521529915041
positive,great,4.3758302539666865
positive,love,3.541359760373321
positive,awesome,3.2850452201978664
positive,emo_smile,2.9294751309562024
positive,best,2.67603323500325
positive,thx,2.440671802509635
positive,appreciate,2.2030419273901725
positive,amaze,2.2018621348103045
positive,excellent,1.888303967323884
positive,kudos,1.8880987417840307
positive,amazing,1.8602666988450431
positive,emo_thumbs_up,1.8104955659520465
positive,good,1.798932250364602
